Maturity,DF,Spread,Recovery
0,0,0,0.4
1,0.965605416,110,0.4
2,0.93239382,120,0.4
3,0.900324523,140,0.4
5,0.839457021,150,0.4
7,0.782704538,160,0.4
10,0.70468809,165,0.4
